,https://roic.ai/company/AGNCN,2008,2009,2010,2011,2012,2013,2014,2015,2016,2017,2018,2019,2020,2021
0,INCOME STATEMENT, , , , , , , , , , , , , , 
1,Revenue,41107000,130091000,307377000,850643000,1327000000,1304000000,-211000000,238000000,676000000,841000000,229000000,771000000,-173000000,837000000
2,COGS,- -,- -,- -,- -,- -,- -,- -,- -,- -,- -,- -,- -,- -,- -
3,Gross Profit,- -,- -,- -,- -,- -,- -,- -,- -,- -,- -,- -,- -,- -,- -
4,Gross Profit Ratio,- -,- -,- -,- -,- -,- -,- -,- -,- -,- -,- -,- -,- -,- -
5,Research and Development Exp.,- -,- -,- -,- -,- -,- -,- -,- -,- -,- -,- -,- -,- -,- -
6,General and Administrative Exp.,5755000,11145000,18806000,73958000,31000000,32000000,22000000,23000000,19000000,42000000,45000000,47000000,56000000,54000000
7,Selling and Marketing Exp.,- -,- -,- -,- -,- -,- -,- -,- -,- -,- -,- -,- -,- -,- -
8,"Selling, General and Administrative Exp.",5755000,11145000,18806000,73958000,31000000,32000000,22000000,23000000,19000000,42000000,45000000,47000000,56000000,54000000
9,Other Expenses,- -,- -,- -,- -,- -,- -,- -,- -,- -,- -,- -,- -,- -,- -
10,Operating Expenses,- -,- -,- -,- -,- -,- -,- -,- -,- -,- -,- -,- -,- -,- -
11,COGS and Expenses,- -,- -,- -,- -,- -,- -,- -,- -,- -,- -,- -,- -,- -,- -
12,Interest Income ,55127000,127920000,253005000,1108872000,2109000000,2193000000,1472000000,1466000000,1321000000,1293000000,1949000000,2842000000,1519000000,1361000000
13,Interest Expense (Gain),24937000,43539000,76026000,284575000,512000000,536000000,372000000,330000000,394000000,524000000,1173000000,2149000000,674000000,75000000
14,Depreciation and Amortization,10763000,26084000,- -,- -,- -,- -,- -,- -,2000000,3000000,25000000,- -,- -,- -
15,EBITDA,71052000,188569000,364597000,1061260000,1808000000,1808000000,139000000,545000000,1019000000,1298000000,1327000000,2837000000,408000000,824000000
16,EBITDA ratio,1.7285,1.4495,1.1862,1.2476,1.3625,1.3865,-0.6588,2.2899,1.5074,1.5434,5.7948,3.6796,-2.3584,0.9845
17,Operating Income,- -,- -,- -,- -,- -,- -,- -,- -,- -,- -,- -,- -,- -,- -
18,Operating Income ratio,- -,- -,- -,- -,- -,- -,- -,- -,- -,- -,- -,- -,- -,- -
19,Total Other Income Expenses (Gains),- -,- -,- -,- -,- -,- -,- -,- -,- -,- -,- -,- -,- -,- -
20,Income Before Tax,- -,118946000,288571000,776685000,1296000000,1272000000,-233000000,215000000,623000000,771000000,129000000,688000000,-266000000,749000000
21,Income Before Tax Ratio,- -,0.9143,0.9388,0.9131,0.9766,0.9755,1.1043,0.9034,0.9216,0.9168,0.5633,0.8923,1.5376,0.8949
22,Income Tax expense (Gain),- -,335000,455000,6205000,19000000,13000000,- -,- -,- -,- -,- -,- -,- -,- -
23,Net Income,35352000,118611000,288116000,770480000,1277000000,1259000000,-233000000,215000000,623000000,771000000,129000000,688000000,-266000000,749000000
24,Net Income ratio,0.8600,0.9118,0.9373,0.9058,0.9623,0.9655,1.1043,0.9034,0.9216,0.9168,0.5633,0.8923,1.5376,0.8949
25,EPS,0.10,0.35,0.84,2.24,3.72,3.67,-0.68,0.63,1.81,2.24,0.38,2.00,-0.77,2.18
26,EPS Diluted,0.10,0.35,0.84,2.24,3.72,3.67,-0.68,0.63,1.81,2.24,0.38,2.00,-0.77,2.18
27,Weighted Average Shares Outstanding,343450987,343450987,343450987,343450987,343450987,343450987,343450987,343450987,343450987,343450987,343450987,343450987,343450987,343450987
28,Weighted Average Shares Outstanding Diluted,343450987,343450987,343450987,343450987,343450987,343450987,343450987,343450987,343450987,343450987,343450987,343450987,343450987,343450987
29,SEC Link,- -,- -,- -,- -,- -,- -,- -,- -,- -,- -,- -,- -,https://www.sec.gov/Archives/edgar/data/1423689/000142368921000011/0001423689-21-000011-index.htm,https://www.sec.gov/Archives/edgar/data/1423689/000142368922000014/0001423689-22-000014-index.htm
30,BALANCE SHEET, , , , , , , , , , , , , , 
31,Cash and Cash Equivalents,56012000,202803000,173258000,1366895000,2430000000,2143000000,1720000000,1110000000,1208000000,1046000000,921000000,831000000,1017000000,998000000
32,Short-Term Investments,- -,- -,- -,- -,- -,- -,- -,- -,- -,- -,- -,- -,- -,- -
33,Cash and Short-Term Investments,56012000,202803000,173258000,1366895000,2430000000,2143000000,1720000000,1110000000,1208000000,1046000000,921000000,831000000,1017000000,998000000
34,Net Receivables,7851000,90421000,638431000,1224659000,- -,652000000,239000000,- -,21000000,- -,489000000,- -,210000000,- -
35,Inventory,- -,- -,- -,- -,- -,- -,- -,- -,- -,- -,- -,- -,- -,- -
36,Other Current Assets,- -,- -,- -,- -,- -,- -,- -,- -,- -,- -,- -,- -,- -,- -
37,Total Current Assets,- -,- -,- -,- -,- -,- -,- -,- -,- -,- -,- -,- -,- -,- -
38,PP&E,- -,- -,- -,- -,- -,- -,- -,- -,- -,- -,- -,- -,- -,- -
39,Goodwill,- -,- -,- -,- -,- -,- -,- -,- -,- -,- -,- -,526000000,526000000,526000000
40,Intangible Assets,- -,- -,- -,- -,- -,- -,- -,- -,- -,- -,- -,- -,- -,- -
41,Intangible Assets,- -,- -,- -,- -,- -,- -,- -,- -,554000000,551000000,526000000,526000000,526000000,526000000
42,Investments,1573383000,4300115000,13510280000,54783690000,85245000000,70000000000,59243000000,52531000000,46681000000,57109000000,84333000000,100539000000,66414000000,54892000000
43,Tax Assets,- -,- -,- -,- -,- -,- -,- -,- -,- -,- -,- -,- -,- -,- -
44,Other Non-Current Assets,- -,- -,- -,- -,- -,- -,- -,- -,- -,- -,- -,- -,- -,- -
45,Total Non-Current Assets,- -,- -,- -,- -,- -,- -,- -,- -,- -,- -,- -,- -,- -,- -
46,Other Assets,1656325000,4625684000,14475829000,57972297000,100453000000,76255000000,67766000000,57021000000,56880000000,70376000000,109241000000,113082000000,81817000000,68149000000
47,Total Assets,1656325000,4625684000,14475829000,57972297000,100453000000,76255000000,67766000000,57021000000,56880000000,70376000000,109241000000,113082000000,81817000000,68149000000
48,Accounts Payable,3664000,2007000,727374000,1919490000,132000000,492000000,100000000,61000000,211000000,299000000,518000000,424000000,219000000,400000000
49,Short-Term Debt,- -,- -,72927000,54061000,- -,- -,- -,- -,- -,- -,- -,- -,- -,- -
50,Tax Payable,- -,- -,- -,- -,- -,- -,- -,- -,- -,- -,- -,- -,- -,- -
51,Deferred Revenue,- -,- -,- -,- -,- -,- -,- -,- -,- -,- -,- -,- -,- -,- -
52,Other Current Liabilities,- -,- -,- -,- -,- -,- -,- -,- -,- -,- -,- -,- -,- -,- -
53,Total Current Liabilities,- -,- -,800301000,1973551000,- -,- -,- -,- -,- -,- -,- -,- -,- -,- -
54,Long-Term Debt,- -,- -,- -,- -,937000000,910000000,761000000,4348000000,3497000000,357000000,275000000,228000000,177000000,126000000
55,Deferred Revenue,- -,- -,- -,- -,- -,- -,- -,- -,- -,- -,- -,- -,- -,- -
56,Deferred Tax Liabilities,- -,- -,- -,- -,- -,- -,- -,- -,- -,- -,- -,- -,- -,- -
57,Other Non-Current Liabilities,- -,- -,- -,- -,- -,- -,- -,- -,- -,- -,- -,- -,- -,- -
58,Total Non-Current Liabilities,- -,- -,- -,- -,937000000,910000000,761000000,4348000000,3497000000,357000000,275000000,228000000,177000000,126000000
59,Other Liabilities,1398174000,4078862000,12103464000,49786943000,90494000000,68468000000,59099000000,53398000000,53021000000,61979000000,99610000000,102269000000,70915000000,57984000000
60,Capital Lease Obligations,- -,- -,- -,- -,- -,- -,- -,- -,- -,- -,- -,- -,- -,- -
61,Total Liabilities,1398174000,4078862000,12903765000,51760494000,89557000000,67558000000,58338000000,49050000000,49524000000,61622000000,99335000000,102041000000,70738000000,57858000000
62,Preferred Stock,- -,- -,- -,- -,167000000,167000000,336000000,336000000,336000000,484000000,484000000,932000000,1489000000,1489000000
63,Common Stock,150000,243000,649000,2241000,3000000,4000000,4000000,3000000,3000000,4000000,5000000,5000000,5000000,5000000
64,Retained Earnings,-2310000,19940000,78116000,-37922000,-289000000,-497000000,-1674000000,-2350000000,-2518000000,-2562000000,-3433000000,-3886000000,-5106000000,-5214000000
65,Other Comprehensive Income/Loss,-25606000,19174000,-68609000,310294000,1555000000,-1383000000,430000000,-66000000,-397000000,-345000000,-943000000,97000000,719000000,301000000
66,Other Total Stockholders Equity,285917000,507465000,1561908000,5937190000,9460000000,10406000000,10332000000,10048000000,9932000000,11173000000,13793000000,13893000000,13972000000,13710000000
67,Total Stockholders Equity,258151000,546822000,1572064000,6211803000,10896000000,8697000000,9428000000,7971000000,7356000000,8754000000,9906000000,11041000000,11079000000,10291000000
68,Total Liabilities And Stockholders Equity,1656325000,4625684000,14475829000,57972297000,100453000000,76255000000,67766000000,57021000000,56880000000,70376000000,109241000000,113082000000,81817000000,68149000000
69,Minority Interest,- -,- -,- -,- -,- -,- -,- -,- -,- -,- -,- -,- -,- -,- -
70,Total Liabilities & Equity,1656325000,4625684000,14475829000,57972297000,100453000000,76255000000,67766000000,57021000000,56880000000,70376000000,109241000000,113082000000,81817000000,68149000000
71,SEC Link,- -,- -,- -,- -,- -,- -,- -,- -,- -,- -,- -,- -,https://www.sec.gov/Archives/edgar/data/1423689/000142368921000011/0001423689-21-000011-index.htm,https://www.sec.gov/Archives/edgar/data/1423689/000142368922000014/0001423689-22-000014-index.htm
72,CASH FLOW STATEMENT, , , , , , , , , , , , , , 
73,Net Income,35352000,118611000,288116000,770480000,1277000000,1259000000,-233000000,215000000,623000000,771000000,129000000,688000000,-266000000,749000000
74,Depreciation and Amortization,10763000,26084000,- -,- -,- -,- -,- -,- -,2000000,3000000,25000000,- -,- -,- -
75,Deferred Income Tax,- -,- -,- -,- -,- -,- -,- -,- -,- -,- -,- -,- -,- -,- -
76,Stock Based Compensation,- -,45000,94000,176000,- -,- -,- -,- -,1000000,4000000,6000000,13000000,18000000,19000000
77,Change in Working Capital,-3612000,- -,- -,- -,- -,- -,- -,- -,- -,- -,- -,- -,- -,-46000000
78,Accounts Receivable,- -,- -,- -,- -,- -,- -,- -,- -,- -,- -,- -,- -,- -,- -
79,Inventory,- -,- -,- -,- -,- -,- -,- -,- -,- -,- -,- -,- -,- -,- -
80,Accounts Payable,- -,-1657000,- -,- -,- -,- -,- -,- -,- -,- -,- -,- -,- -,- -
81,Other Working Capital,- -,- -,- -,- -,- -,- -,- -,- -,- -,- -,- -,- -,- -,- -
82,Other Non-Cash Items,-11821000,-51510000,-307823000,245376000,1044000000,1242000000,1855000000,1213000000,726000000,482000000,953000000,479000000,1995000000,818000000
83,Cash Provided by Operating Activities,30682000,93230000,-19613000,1016032000,2321000000,2501000000,1622000000,1428000000,1352000000,1260000000,1113000000,1180000000,1747000000,1540000000
84,CAPEX,- -,- -,- -,- -,- -,- -,- -,- -,- -,- -,- -,- -,- -,- -
85,Acquisitions Net,- -,- -,- -,- -,- -,- -,- -,- -,-555000000,- -,- -,- -,- -,- -
86,Purchases of Investments,-2653815000,-9154890000,-22645213000,-103428915000,-133900000000,-146357000000,-78094000000,-82621000000,-25548000000,-48778000000,-54987000000,-75777000000,-83617000000,-69431000000
87,Sales/Maturities of Investments,1073689000,6598495000,13643147000,64898198000,113837000000,144997000000,94742000000,83805000000,35200000000,40879000000,37592000000,49597000000,121672000000,71995000000
88,Other Investing Activites,11764000,-9546000,255853000,-727336000,-11118000000,10235000000,-4299000000,2909000000,-4652000000,-3429000000,-10541000000,11962000000,-1530000000,1272000000
89,Cash Used for Investing Activites,-1568362000,-2565941000,-8746213000,-39258053000,-31181000000,8875000000,12349000000,4093000000,4445000000,-11328000000,-27936000000,-14218000000,36525000000,3836000000
90,Debt Repayment,-10682034000,- -,- -,-18866000,-150000000,-209000000,-158000000,-9359000000,-2949000000,-3141000000,-78000000,-55000000,-62000000,-49000000
91,Common Stock Issued,- -,221596000,1054755000,4376698000,3601000000,1803000000,- -,- -,- -,1238000000,2611000000,190000000,439000000,- -
92,Common Stock Repurchased,- -,- -,- -,- -,-77000000,-856000000,-74000000,-285000000,-116000000,-173000000,- -,-278000000,-378000000,-281000000
93,Dividends Paid,-19656000,-80317000,-173192000,-663506000,-1415000000,-1659000000,-1094000000,-902000000,-799000000,-795000000,-974000000,-1139000000,-970000000,-860000000
94,Other Financing Activites,12295382000,2478223000,7854718000,35741332000,27964000000,-10742000000,-13068000000,4415000000,-1835000000,12777000000,25421000000,14082000000,-36259000000,-4985000000
95,Cash Used/Provided by Financing Activities,1593692000,2619502000,8736281000,39435658000,29923000000,-11663000000,-14394000000,-6131000000,-5699000000,9906000000,26980000000,12800000000,-37230000000,-6175000000
96,Effect of Forex Changes on Cash,- -,- -,- -,- -,- -,- -,- -,- -,- -,- -,- -,- -,- -,- -
97,Net Change In Cash,1593692000,146791000,-29545000,1193637000,1063000000,-287000000,-423000000,-610000000,98000000,-162000000,157000000,-238000000,1042000000,-799000000
98,Cash at the End of Period,56012000,202803000,173258000,1366895000,2430000000,2143000000,1720000000,1110000000,1208000000,1046000000,1520000000,1282000000,2324000000,1525000000
99,Cash at the Beginning of Period,- -,56012000,202803000,173258000,1367000000,2430000000,2143000000,1720000000,1110000000,1208000000,1363000000,1520000000,1282000000,2324000000
100,Free Cash Flow,30682000,93230000,-19613000,1016032000,2321000000,2501000000,1622000000,1428000000,1352000000,1260000000,1113000000,1180000000,1747000000,1540000000
101,SEC Link,- -,- -,- -,- -,- -,- -,- -,- -,- -,- -,- -,- -,https://www.sec.gov/Archives/edgar/data/1423689/000142368921000011/0001423689-21-000011-index.htm,https://www.sec.gov/Archives/edgar/data/1423689/000142368922000014/0001423689-22-000014-index.htm
102,false,,,,,,,,,,,,,,
