,https://roic.ai/company/MOS,1988,1989,1990,1991,1992,1993,1994,1995,1996,1997,1998,1999,2000,2001,2002,2003,2004,2005,2006,2007,2008,2009,2010,2011,2012,2013,2014,2015,2016,2017,2018,2019,2020,2021
0,INCOME STATEMENT, , , , , , , , , , , , , , , , , , , , , , , , , , , , , , , , , , 
1,Revenue,1085600000,1221700000,1105700000,1131200000,1058500000,897100000,1441500000,1924000000,2981000000,2988600000,2696200000,2369300000,2095900000,1958700000,2057400000,2190600000,- -,4396700000,5305800000,5773700000,9812600000,10298000000,6759100000,9937800000,11107800000,9974100000,9055800000,8895300000,7162800000,7409400000,9587300000,8906300000,8681700000,12357400000
2,COGS,744600000,786300000,783200000,800100000,745700000,710700000,1111500000,1341100000,2061500000,2066800000,1706100000,1594100000,1592200000,1769800000,1794400000,2009400000,- -,3871200000,4668400000,4847600000,6652100000,7531300000,5065800000,6816000000,8022800000,7213900000,7129200000,7177400000,6352800000,6566600000,8088900000,8009000000,7616800000,9157100000
3,Gross Profit,341000000,435400000,322500000,331100000,312800000,186400000,330000000,582900000,919500000,921800000,990100000,775200000,503700000,188900000,263000000,181200000,- -,525500000,637400000,926100000,3160500000,2766700000,1693300000,3121800000,3085000000,2760200000,1926600000,1717900000,810000000,842800000,1498400000,897300000,1064900000,3200300000
4,Gross Profit Ratio,0.3141,0.3564,0.2917,0.2927,0.2955,0.2078,0.2289,0.3030,0.3085,0.3084,0.3672,0.3272,0.2403,0.0964,0.1278,0.0827,- -,0.1195,0.1201,0.1604,0.3221,0.2687,0.2505,0.3141,0.2777,0.2767,0.2127,0.1931,0.1131,0.1137,0.1563,0.1007,0.1227,0.2590
5,Research and Development Exp.,- -,- -,- -,- -,- -,- -,- -,- -,- -,- -,- -,- -,- -,- -,- -,- -,- -,- -,- -,- -,- -,- -,- -,- -,- -,- -,- -,- -,- -,- -,- -,- -,- -,- -
6,General and Administrative Exp.,- -,- -,- -,- -,- -,- -,- -,- -,- -,- -,- -,- -,- -,- -,- -,- -,- -,- -,241300000,309800000,335500000,321400000,360300000,372500000,410100000,427300000,- -,361200000,304200000,301300000,341100000,354100000,- -,- -
7,Selling and Marketing Exp.,- -,- -,- -,- -,- -,- -,- -,- -,- -,- -,- -,- -,- -,- -,- -,- -,- -,- -,- -,- -,- -,- -,- -,- -,- -,- -,- -,- -,- -,- -,- -,- -,- -,- -
8,"Selling, General and Administrative Exp.",54300000,69800000,61700000,65100000,68100000,251300000,66000000,75200000,223400000,435600000,190400000,164500000,102700000,81800000,80700000,79600000,- -,207000000,241300000,309800000,335500000,321400000,360300000,372500000,410100000,427300000,382400000,361200000,304200000,301300000,341100000,354100000,371500000,430500000
9,Other Expenses,78500000,99700000,92500000,90200000,83300000,61500000,122400000,134400000,168600000,183200000,251700000,232500000,171600000,- -,- -,-31300000,- -,- -,2700000,2100000,- -,44400000,62200000,85100000,- -,123300000,123400000,77900000,186800000,75800000,229000000,176000000,280500000,143200000
10,Operating Expenses,132800000,169500000,154200000,155300000,151400000,312800000,188400000,209600000,392000000,618800000,442100000,397000000,274300000,81800000,80700000,48300000,- -,207000000,244000000,311900000,335500000,365800000,422500000,457600000,410100000,550600000,505800000,439100000,491000000,377100000,570100000,530100000,652000000,573700000
11,COGS and Expenses,877400000,955800000,937400000,955400000,897100000,1023500000,1299900000,1550700000,2453500000,2685600000,2148200000,1991100000,1866500000,1851600000,1875100000,2057700000,- -,4078200000,4912400000,5159500000,6987600000,7897100000,5488300000,7273600000,8432900000,7764500000,7635000000,7616500000,6843800000,6943700000,8659000000,8539100000,8268800000,9730800000
12,Interest Income ,- -,- -,- -,- -,- -,- -,- -,- -,- -,- -,- -,- -,- -,- -,- -,- -,- -,- -,- -,- -,- -,46900000,16100000,22500000,20100000,18800000,21300000,35800000,28200000,33200000,49700000,33100000,33500000,25200000
13,Interest Expense (Gain),- -,- -,- -,- -,- -,- -,- -,- -,- -,- -,- -,- -,- -,- -,- -,- -,- -,- -,- -,- -,- -,90200000,65700000,27600000,1400000,- -,128900000,133600000,140600000,171300000,215800000,216000000,214100000,194300000
14,Depreciation and Amortization,78500000,99700000,92500000,90200000,83300000,61500000,122400000,134400000,168600000,183200000,251700000,232500000,171600000,165600000,173700000,171900000,- -,180700000,270200000,313300000,356500000,359700000,- -,- -,- -,- -,750900000,- -,- -,- -,- -,- -,847600000,812900000
15,EBITDA,269400000,314600000,220100000,243000000,59200000,-162900000,105000000,329400000,407000000,289600000,327200000,-395400000,-126600000,96300000,93600000,- -,- -,444600000,154100000,856400000,3154200000,3449400000,1240100000,3295000000,2643000000,2229700000,2093100000,1233100000,364200000,559000000,762900000,-1076100000,1149300000,3235500000
16,EBITDA ratio,0.2482,0.2575,0.1991,0.2148,0.0559,-0.1816,0.0728,0.1712,0.1365,0.0969,0.1214,-0.1669,-0.0604,0.0492,0.0455,- -,- -,0.1011,0.0290,0.1483,0.3214,0.3350,0.1835,0.3316,0.2379,0.2235,0.2311,0.1386,0.0508,0.0754,0.0796,-0.1208,0.1324,0.2618
17,Operating Income,208200000,265900000,168300000,175800000,161400000,-126400000,141600000,373300000,527500000,303000000,548000000,378200000,229400000,96100000,182300000,126400000,- -,318500000,105800000,616300000,2806700000,2400900000,1270800000,2664200000,2611100000,2209600000,1311800000,1278800000,319000000,465700000,928300000,-1094900000,412900000,2468500000
18,Operating Income ratio,0.1918,0.2176,0.1522,0.1554,0.1525,-0.1409,0.0982,0.1940,0.1770,0.1014,0.2032,0.1596,0.1095,0.0491,0.0886,0.0577,- -,0.0724,0.0199,0.1067,0.2860,0.2331,0.1880,0.2681,0.2351,0.2215,0.1449,0.1438,0.0445,0.0629,0.0968,-0.1229,0.0476,0.1998
19,Total Other Income Expenses (Gains),-17300000,-51000000,-40700000,-23000000,-20000000,-50900000,-133800000,-165900000,-289100000,-171700000,-406400000,-843900000,-98300000,-126800000,-165400000,-200500000,- -,-103600000,-265900000,-110600000,-124300000,504800000,-81100000,607100000,17800000,4900000,-94500000,-175500000,-76600000,-91700000,-376800000,-161200000,-232000000,-243700000
20,Income Before Tax,190900000,214900000,127600000,152800000,141400000,-177300000,7800000,207400000,238400000,131300000,141600000,-465700000,131100000,-30700000,16900000,-74100000,- -,214900000,-160100000,505700000,2682400000,2905700000,1189700000,3271300000,2628900000,2214500000,1217300000,1103300000,242400000,374000000,551500000,-1256100000,180900000,2224800000
21,Income Before Tax Ratio,0.1758,0.1759,0.1154,0.1351,0.1336,-0.1976,0.0054,0.1078,0.0800,0.0439,0.0525,-0.1966,0.0626,-0.0157,0.0082,-0.0338,- -,0.0489,-0.0302,0.0876,0.2734,0.2822,0.1760,0.3292,0.2367,0.2220,0.1344,0.1240,0.0338,0.0505,0.0575,-0.1410,0.0208,0.1800
22,Income Tax expense (Gain),79200000,77600000,45000000,57000000,50500000,-57300000,11400000,80300000,94100000,43500000,84500000,145400000,46800000,-2800000,30100000,-36500000,- -,98300000,5300000,123400000,714900000,649300000,347300000,752800000,711400000,341000000,184700000,99100000,-74200000,494900000,77100000,-224700000,-578500000,597700000
23,Net Income,111700000,137300000,82600000,95800000,-74600000,-167100000,-28800000,114700000,144300000,62900000,-9000000,-773300000,-345000000,-66500000,-110200000,-135400000,- -,165600000,-121400000,419700000,2082800000,2350200000,827100000,2514600000,1930200000,1888700000,1028600000,1000400000,297800000,-107200000,470000000,-1067400000,666100000,1630600000
24,Net Income ratio,0.1029,0.1124,0.0747,0.0847,-0.0705,-0.1863,-0.0200,0.0596,0.0484,0.0210,-0.0033,-0.3264,-0.1646,-0.0340,-0.0536,-0.0618,- -,0.0377,-0.0229,0.0727,0.2123,0.2282,0.1224,0.2530,0.1738,0.1894,0.1136,0.1125,0.0416,-0.0145,0.0490,-0.1198,0.0767,0.1320
25,EPS,1.94,2.64,1.57,1.93,-1.69,-3.79,-0.57,1.94,1.56,0.67,-0.08,-6.75,-3.00,-0.57,-0.97,-1.22,- -,0.48,-0.35,0.97,4.70,5.29,1.86,5.64,4.54,4.44,2.69,2.79,0.85,-0.31,1.22,-2.78,1.76,4.28
26,EPS Diluted,1.94,2.64,1.57,1.93,-1.69,-3.79,-0.57,1.94,1.56,0.67,-0.08,-6.75,-3.00,-0.57,-0.97,-1.22,- -,0.46,-0.35,0.95,4.67,5.27,1.85,5.62,4.42,4.42,2.68,2.78,0.85,-0.31,1.22,-2.78,1.75,4.25
27,Weighted Average Shares Outstanding,50206186,52007576,52611465,49637306,44142012,44089710,50526316,59123711,92500000,93880597,112500000,114562963,114400000,114500000,114600000,114800000,- -,327800000,382200000,434300000,442700000,444200000,445100000,446000000,425470377,425817089,374100000,358500000,350400000,350900000,384800000,383800000,379000000,379800000
28,Weighted Average Shares Outstanding Diluted,50206186,52007576,52611465,49637306,44142012,44089710,50526316,59123711,92500000,93880597,112500000,114562963,114800000,114500000,114600000,114800000,- -,360400000,382200000,440300000,445700000,446200000,446600000,447500000,436500000,426900000,375600000,360300000,351700000,350900000,386400000,383800000,381300000,383200000
29,SEC Link,- -,- -,- -,- -,- -,- -,- -,- -,- -,- -,- -,- -,- -,- -,- -,- -,undefined,- -,https://www.sec.gov/Archives/edgar/data/1285785/000119312506170786/d10k.htm,https://www.sec.gov/Archives/edgar/data/1285785/000119312507177117/0001193125-07-177117-index.html,https://www.sec.gov/Archives/edgar/data/1285785/000119312508159285/0001193125-08-159285-index.html,https://www.sec.gov/Archives/edgar/data/1285785/000119312509154839/0001193125-09-154839-index.html,https://www.sec.gov/Archives/edgar/data/1285785/000119312510164140/0001193125-10-164140-index.html,https://www.sec.gov/Archives/edgar/data/1285785/000119312511191456/0001193125-11-191456-index.html,https://www.sec.gov/Archives/edgar/data/1285785/000119312512304472/0001193125-12-304472-index.html,https://www.sec.gov/Archives/edgar/data/1285785/000119312513292097/0001193125-13-292097-index.html,- -,https://www.sec.gov/Archives/edgar/data/1285785/000161803416000025/0001618034-16-000025-index.html,https://www.sec.gov/Archives/edgar/data/1285785/000161803417000005/0001618034-17-000005-index.html,https://www.sec.gov/Archives/edgar/data/1285785/000161803418000003/0001618034-18-000003-index.html,https://www.sec.gov/Archives/edgar/data/1285785/000161803419000004/0001618034-19-000004-index.html,https://www.sec.gov/Archives/edgar/data/1285785/000161803420000003/0001618034-20-000003-index.html,https://www.sec.gov/Archives/edgar/data/1285785/000161803421000003/0001618034-21-000003-index.htm,https://www.sec.gov/Archives/edgar/data/1285785/000161803422000004/0001618034-22-000004-index.htm
30,BALANCE SHEET, , , , , , , , , , , , , , , , , , , , , , , , , , , , , , , , , , 
31,Cash and Cash Equivalents,- -,- -,- -,- -,- -,- -,- -,- -,- -,- -,- -,- -,- -,- -,17700000,76800000,- -,245000000,173300000,420600000,1960700000,2703200000,2523000000,3906400000,3811000000,3697100000,2374600000,1276300000,673100000,2153500000,847700000,519100000,574000000,769500000
32,Short-Term Investments,- -,- -,- -,- -,- -,- -,- -,- -,- -,- -,- -,- -,- -,- -,- -,- -,- -,- -,- -,- -,- -,- -,399600000,- -,- -,- -,- -,- -,- -,- -,- -,- -,- -,- -
33,Cash and Short-Term Investments,- -,- -,- -,- -,- -,- -,- -,- -,- -,- -,- -,- -,- -,- -,17700000,76800000,- -,245000000,173300000,420600000,1960700000,2703200000,2922600000,3906400000,3811000000,3697100000,2374600000,1276300000,673100000,2153500000,847700000,519100000,574000000,769500000
34,Net Receivables,- -,- -,- -,- -,- -,- -,- -,- -,- -,- -,- -,- -,- -,- -,179000000,194800000,- -,671700000,505800000,557000000,1039200000,597600000,705900000,986400000,965600000,1420400000,1006200000,1100000000,805700000,783900000,987700000,983400000,1062500000,1658000000
35,Inventory,- -,- -,- -,- -,- -,- -,- -,- -,- -,- -,- -,- -,- -,- -,349100000,305700000,- -,753400000,760900000,787400000,1350900000,1125900000,1002300000,1266400000,1237600000,1557300000,1718300000,1563500000,1391100000,1547200000,2270200000,2076400000,1739200000,2741400000
36,Other Current Assets,- -,- -,- -,- -,- -,- -,- -,- -,- -,- -,- -,- -,- -,- -,154200000,62300000,- -,61800000,140400000,190500000,458700000,881100000,344000000,525700000,566900000,205700000,265100000,204900000,187800000,131900000,131400000,139300000,145500000,156400000
37,Total Current Assets,- -,- -,- -,- -,- -,- -,- -,- -,- -,- -,- -,- -,- -,- -,700000000,639600000,- -,1731900000,1580400000,1955500000,4809500000,5307800000,4974800000,6684900000,6581100000,6880500000,5364200000,4144700000,3057700000,4616500000,4237000000,3718200000,3521200000,5325300000
38,PP&E,- -,- -,- -,- -,- -,- -,- -,- -,- -,- -,- -,- -,- -,- -,2300700000,2357800000,- -,4121400000,4416600000,4449400000,4648000000,4899300000,5465600000,6635900000,7545900000,8486800000,9313900000,8721000000,9198500000,9711700000,11746500000,11882100000,12027400000,12595500000
39,Goodwill,- -,- -,- -,- -,- -,- -,- -,- -,- -,- -,- -,- -,- -,- -,319000000,- -,- -,- -,2347100000,2283800000,1875200000,1734100000,1763200000,1829800000,1844400000,1844600000,1806500000,1595300000,1630900000,1693600000,1707500000,1156900000,1173000000,1172200000
40,Intangible Assets,- -,- -,- -,- -,- -,- -,- -,- -,- -,- -,- -,- -,- -,- -,- -,289000000,- -,2160300000,- -,- -,- -,- -,- -,- -,- -,- -,- -,- -,- -,- -,- -,- -,- -,- -
41,Intangible Assets,- -,- -,- -,- -,- -,- -,- -,- -,- -,- -,- -,- -,- -,- -,319000000,289000000,- -,2160300000,2347100000,2283800000,1875200000,1734100000,1763200000,1829800000,1844400000,1844600000,1806500000,1595300000,1630900000,1693600000,1707500000,1156900000,1173000000,1172200000
42,Investments,- -,- -,- -,- -,- -,- -,- -,- -,- -,- -,- -,- -,- -,- -,- -,- -,- -,- -,- -,- -,- -,357800000,54700000,434300000,454200000,431500000,849800000,980500000,1063100000,1089500000,826600000,763600000,673100000,691800000
43,Tax Assets,- -,- -,- -,- -,- -,- -,- -,- -,- -,- -,- -,- -,- -,- -,- -,- -,- -,- -,- -,- -,10100000,262300000,305900000,6500000,50600000,212700000,394400000,691900000,836400000,254600000,343800000,515400000,1179400000,997100000
44,Other Non-Current Assets,- -,- -,- -,- -,- -,- -,- -,- -,- -,- -,- -,- -,- -,- -,317400000,384300000,- -,430400000,376500000,474900000,477000000,114900000,143500000,195500000,214200000,229900000,554200000,1279000000,1054100000,1267500000,1257800000,1262300000,1215700000,1254500000
45,Total Non-Current Assets,- -,- -,- -,- -,- -,- -,- -,- -,- -,- -,- -,- -,- -,- -,2937100000,3031100000,- -,6712100000,7140200000,7208100000,7010300000,7368400000,7732900000,9102000000,10109300000,11205500000,12918800000,13267700000,13783000000,14016900000,15882200000,15580300000,16268600000,16711100000
46,Other Assets,- -,- -,- -,- -,- -,- -,- -,- -,- -,- -,- -,- -,- -,- -,- -,- -,- -,- -,- -,- -,- -,- -,- -,- -,- -,- -,- -,- -,- -,- -,- -,- -,- -,- -
47,Total Assets,- -,- -,- -,- -,- -,- -,- -,- -,- -,- -,- -,- -,- -,- -,3637100000,3670700000,- -,8444000000,8720600000,9163600000,11819800000,12676200000,12707700000,15786900000,16690400000,18086000000,18283000000,17412400000,16840700000,18633400000,20119200000,19298500000,19789800000,22036400000
48,Accounts Payable,- -,- -,- -,- -,- -,- -,- -,- -,- -,- -,- -,- -,- -,- -,154800000,185700000,- -,462700000,420200000,433500000,1022100000,383600000,552500000,941100000,912400000,763100000,797300000,520600000,471800000,540900000,780900000,680400000,769100000,1260700000
49,Short-Term Debt,- -,- -,- -,- -,- -,- -,- -,- -,- -,- -,- -,- -,- -,- -,- -,- -,- -,204900000,222100000,542400000,176400000,136000000,98300000,71600000,43000000,69600000,54500000,68500000,38900000,349600000,37500000,88800000,568300000,959100000
50,Tax Payable,- -,- -,- -,- -,- -,- -,- -,- -,- -,- -,- -,- -,- -,- -,- -,- -,- -,- -,- -,- -,- -,- -,- -,- -,- -,- -,48700000,- -,- -,- -,- -,- -,83100000,184300000
51,Deferred Revenue,- -,- -,- -,- -,- -,- -,- -,- -,- -,- -,- -,- -,- -,- -,- -,- -,- -,- -,- -,- -,- -,- -,65900000,243200000,323000000,243300000,101600000,121200000,145600000,140400000,199800000,266900000,287600000,437700000
52,Other Current Liabilities,- -,- -,- -,- -,- -,- -,- -,- -,- -,- -,- -,- -,- -,- -,296700000,268300000,- -,439700000,483800000,653800000,987600000,1102200000,587200000,672600000,639300000,688900000,647000000,1338000000,820500000,1000200000,1465500000,1555600000,1521500000,2129900000
53,Total Current Liabilities,- -,- -,- -,- -,- -,- -,- -,- -,- -,- -,- -,- -,- -,- -,451500000,454000000,- -,1107300000,1126100000,1629700000,2186100000,1621800000,1303900000,1928500000,1917700000,1764900000,1600400000,2048300000,1476800000,2031100000,2483700000,2591700000,3146500000,4787400000
54,Long-Term Debt,- -,- -,- -,- -,- -,- -,- -,- -,- -,- -,- -,- -,- -,- -,2165300000,2091400000,- -,2463700000,2388100000,1818100000,1375000000,1256500000,1245600000,761300000,1010000000,1009600000,3778000000,3791100000,3779300000,4878100000,4491500000,4525500000,4183400000,3446500000
55,Deferred Revenue,- -,- -,- -,- -,- -,- -,- -,- -,- -,- -,- -,- -,- -,- -,- -,- -,- -,- -,- -,- -,- -,- -,37800000,24100000,- -,- -,- -,- -,- -,- -,- -,- -,- -,- -
56,Deferred Tax Liabilities,- -,- -,- -,- -,- -,- -,- -,- -,- -,- -,- -,- -,- -,- -,57600000,19900000,- -,724700000,675000000,634400000,516200000,456600000,583400000,580100000,787900000,961400000,984000000,977400000,1009200000,1117300000,1080600000,1040700000,1060800000,1016200000
57,Other Non-Current Liabilities,- -,- -,- -,- -,- -,- -,- -,- -,- -,- -,- -,- -,- -,- -,571000000,578800000,- -,913000000,980200000,875200000,987900000,826100000,788600000,831000000,975400000,907200000,1200000000,1030600000,952900000,967800000,1458700000,1773000000,1643900000,2037800000
58,Total Non-Current Liabilities,- -,- -,- -,- -,- -,- -,- -,- -,- -,- -,- -,- -,- -,- -,2793900000,2690100000,- -,4101400000,4043300000,3327700000,2879100000,2539200000,2655400000,2196500000,2773300000,2878200000,5962000000,5799100000,5741400000,6963200000,7030800000,7339200000,6888100000,6500500000
59,Other Liabilities,- -,- -,- -,- -,- -,- -,- -,- -,- -,- -,- -,- -,- -,- -,- -,- -,- -,- -,- -,- -,- -,- -,- -,- -,- -,- -,- -,- -,- -,- -,- -,- -,- -,- -
60,Capital Lease Obligations,- -,- -,- -,- -,- -,- -,- -,- -,- -,- -,- -,- -,- -,- -,- -,- -,- -,- -,- -,- -,- -,- -,- -,- -,- -,- -,- -,- -,- -,- -,- -,194100000,173600000,124000000
61,Total Liabilities,- -,- -,- -,- -,- -,- -,- -,- -,- -,- -,- -,- -,- -,- -,3245400000,3144100000,- -,5208700000,5169400000,4957400000,5065200000,4161000000,3959300000,4125000000,4691000000,4643100000,7562400000,7847400000,7218200000,8994300000,9514500000,9930900000,10034600000,11287900000
62,Preferred Stock,- -,- -,- -,- -,- -,- -,- -,- -,- -,- -,- -,- -,- -,- -,- -,2800000,- -,- -,- -,- -,- -,- -,- -,- -,- -,- -,- -,- -,- -,- -,- -,- -,- -,- -
63,Common Stock,- -,- -,- -,- -,- -,- -,- -,- -,- -,- -,- -,- -,- -,- -,1306000,130600000,- -,3900000,3900000,4400000,4400000,4400000,4500000,4500000,4300000,4300000,3700000,3500000,3500000,3500000,3800000,3800000,3800000,3700000
64,Retained Earnings,- -,- -,- -,- -,- -,- -,- -,- -,- -,- -,- -,- -,- -,- -,-984700000,-1132200000,- -,1115400000,982900000,1402600000,3485400000,5746200000,5905300000,8330600000,10141300000,11603400000,11168900000,11014800000,10863400000,10631100000,11064700000,9921500000,10511000000,12014200000
65,Other Comprehensive Income/Loss,- -,- -,- -,- -,- -,- -,- -,- -,- -,- -,- -,- -,- -,- -,-2123800000,-2326600000,- -,-72000000,299000000,459000000,791000000,259000000,289000000,710000000,378000000,326000000,-473700000,-1493000000,-1312000000,-1062000000,-1657000000,-1598000000,-1806200000,-1891800000
66,Other Total Stockholders Equity,- -,- -,- -,- -,- -,- -,- -,- -,- -,- -,- -,- -,- -,- -,3498894000,3852000000,- -,- -,2245000000,2317900000,2450400000,2483400000,2523400000,2596500000,1459500000,1491700000,4200000,6500000,29700000,44900000,985800000,858200000,872800000,478000000
67,Total Stockholders Equity,- -,- -,- -,- -,- -,- -,- -,- -,- -,- -,- -,- -,- -,- -,391700000,526600000,- -,3213500000,3530800000,4183900000,6731200000,8493000000,8722200000,11641600000,11983100000,13425400000,10703100000,9531800000,9584600000,9617500000,10397300000,9185500000,9581400000,10604100000
68,Total Liabilities And Stockholders Equity,- -,- -,- -,- -,- -,- -,- -,- -,- -,- -,- -,- -,- -,- -,3637100000,3670700000,- -,8422200000,8700200000,9141300000,11796400000,12654000000,12681500000,15766600000,16674100000,18068500000,18265500000,17379200000,16802800000,18611800000,19911800000,19116400000,19616000000,21892000000
69,Minority Interest,- -,- -,- -,- -,- -,- -,- -,- -,- -,- -,- -,- -,- -,- -,- -,- -,- -,21800000,20400000,22300000,23400000,22200000,26200000,20300000,16300000,17500000,17500000,33200000,37900000,21600000,207400000,182100000,173800000,144400000
70,Total Liabilities & Equity,- -,- -,- -,- -,- -,- -,- -,- -,- -,- -,- -,- -,- -,- -,3637100000,3670700000,- -,8444000000,8720600000,9163600000,11819800000,12676200000,12707700000,15786900000,16690400000,18086000000,18283000000,17412400000,16840700000,18633400000,20119200000,19298500000,19789800000,22036400000
71,SEC Link,undefined,undefined,undefined,undefined,undefined,undefined,undefined,undefined,undefined,undefined,undefined,undefined,undefined,undefined,- -,- -,undefined,- -,https://www.sec.gov/Archives/edgar/data/1285785/000119312506170786/d10k.htm,https://www.sec.gov/Archives/edgar/data/1285785/000119312507177117/0001193125-07-177117-index.html,https://www.sec.gov/Archives/edgar/data/1285785/000119312508159285/0001193125-08-159285-index.html,https://www.sec.gov/Archives/edgar/data/1285785/000119312509154839/0001193125-09-154839-index.html,https://www.sec.gov/Archives/edgar/data/1285785/000119312510164140/0001193125-10-164140-index.html,https://www.sec.gov/Archives/edgar/data/1285785/000119312511191456/0001193125-11-191456-index.html,https://www.sec.gov/Archives/edgar/data/1285785/000119312512304472/0001193125-12-304472-index.html,https://www.sec.gov/Archives/edgar/data/1285785/000119312513292097/0001193125-13-292097-index.html,- -,https://www.sec.gov/Archives/edgar/data/1285785/000161803416000025/0001618034-16-000025-index.html,https://www.sec.gov/Archives/edgar/data/1285785/000161803417000005/0001618034-17-000005-index.html,https://www.sec.gov/Archives/edgar/data/1285785/000161803418000003/0001618034-18-000003-index.html,https://www.sec.gov/Archives/edgar/data/1285785/000161803419000004/0001618034-19-000004-index.html,https://www.sec.gov/Archives/edgar/data/1285785/000161803420000003/0001618034-20-000003-index.html,https://www.sec.gov/Archives/edgar/data/1285785/000161803421000003/0001618034-21-000003-index.htm,https://www.sec.gov/Archives/edgar/data/1285785/000161803422000004/0001618034-22-000004-index.htm
72,CASH FLOW STATEMENT, , , , , , , , , , , , , , , , , , , , , , , , , , , , , , , , , , 
73,Net Income,- -,- -,82600000,95800000,-74600000,-167100000,-28800000,114700000,144300000,62900000,-9000000,-773300000,-345000000,-66500000,-110200000,-135400000,- -,165600000,-121400000,419700000,2082800000,2350200000,827100000,2514600000,1930200000,1888700000,1028600000,1000400000,297800000,-107200000,470000000,-1067400000,666100000,1630600000
74,Depreciation and Amortization,- -,- -,92500000,90200000,83300000,61500000,122400000,134400000,168600000,183200000,251700000,232500000,171600000,165600000,173700000,171900000,- -,180700000,270200000,313300000,356500000,359700000,- -,- -,- -,- -,- -,- -,- -,- -,- -,- -,847600000,- -
75,Deferred Income Tax,- -,- -,9100000,13700000,170200000,-78400000,1600000,9000000,300000,58400000,2900000,136400000,-21100000,-36100000,-69700000,-3300000,- -,33000000,-38900000,46700000,140700000,-138900000,51100000,196600000,245800000,200000000,-153800000,47400000,-182600000,612400000,-101800000,-261300000,-684000000,98800000
76,Stock Based Compensation,- -,- -,- -,- -,- -,- -,- -,- -,- -,- -,- -,- -,- -,- -,- -,- -,- -,- -,- -,- -,- -,- -,23500000,21100000,23400000,28200000,54300000,41300000,30500000,28000000,27500000,27900000,17800000,29500000
77,Change in Working Capital,- -,- -,67200000,- -,- -,- -,- -,- -,- -,- -,- -,- -,- -,248500000,-62900000,439000000,- -,-170300000,-128500000,2297600000,1062600000,-15100000,1085500000,-93000000,452200000,-1351800000,-1667400000,-515500000,1004500000,-832100000,-626800000,-751800000,730300000,-629700000
78,Accounts Receivable,- -,- -,- -,- -,- -,- -,- -,- -,- -,- -,- -,- -,- -,- -,- -,- -,- -,- -,- -,- -,- -,- -,- -,- -,- -,- -,- -,- -,- -,- -,- -,- -,- -,- -
79,Inventory,- -,- -,24500000,-21700000,8800000,3500000,46600000,-1300000,-55400000,3900000,-81400000,68800000,-8400000,40300000,-56800000,37300000,- -,-78200000,-16800000,-19300000,-547100000,-178700000,92000000,-244700000,6500000,-315500000,-129700000,-53700000,263000000,-155700000,-497400000,128100000,191400000,-1067900000
80,Accounts Payable,- -,- -,- -,- -,- -,- -,- -,- -,- -,- -,- -,- -,- -,- -,- -,- -,- -,- -,- -,- -,- -,-686800000,156800000,240100000,-58400000,-100500000,277200000,301800000,- -,- -,- -,- -,- -,- -
81,Other Working Capital,- -,- -,- -,- -,- -,- -,- -,- -,- -,- -,- -,- -,- -,248500000,185600000,624600000,- -,454300000,325800000,2623400000,3686000000,3670900000,4756400000,4663400000,5115600000,3763800000,2096400000,1580900000,2585400000,1753300000,1126500000,374700000,1105000000,- -
82,Other Non-Cash Items,- -,- -,36400000,10000000,-34500000,210200000,47900000,230500000,28800000,258900000,23500000,862800000,557900000,-468300000,75900000,-432800000,- -,124700000,298100000,-2369400000,-1096000000,-1313300000,-631200000,-212600000,54200000,1122400000,3032000000,1234000000,115900000,1234400000,1640900000,3148000000,4800000,1057800000
83,Cash Provided by Operating Activities,- -,- -,287800000,209700000,144400000,26200000,143100000,488600000,342000000,563400000,269100000,458400000,363400000,-156800000,6800000,39400000,- -,333700000,279500000,707900000,2546600000,1242600000,1356000000,2426700000,2705800000,1887500000,2293700000,1807600000,1266100000,935500000,1409800000,1095400000,1582600000,2187000000
84,CAPEX,- -,- -,-94300000,-168500000,-177700000,-106100000,-40700000,-64200000,-172700000,-244000000,-760900000,-257500000,-118100000,-123100000,-140000000,-120300000,- -,-255200000,-389500000,-292100000,-372100000,-781100000,-910600000,-1263200000,-1639300000,-1588300000,-929100000,-1000300000,-843100000,-820100000,-954500000,-1272200000,-1170600000,-1288600000
85,Acquisitions Net,- -,- -,- -,- -,- -,- -,- -,- -,- -,- -,- -,- -,- -,- -,- -,- -,- -,- -,- -,- -,7900000,-17300000,17600000,56400000,- -,-15000000,-1798600000,-124800000,-413000000,-112000000,-986800000,-55200000,- -,-24100000
86,Purchases of Investments,- -,- -,- -,- -,- -,- -,- -,- -,- -,- -,- -,- -,- -,- -,- -,- -,- -,- -,-400000,-1400000,-8100000,- -,- -,-385300000,- -,- -,- -,- -,-1659400000,-1676300000,-534500000,-15400000,-6100000,-3200000
87,Sales/Maturities of Investments,- -,- -,- -,- -,- -,- -,- -,- -,11600000,- -,- -,12800000,- -,- -,- -,- -,- -,- -,- -,- -,24600000,745700000,- -,1030000000,- -,- -,- -,- -,1029300000,1658100000,518800000,2300000,1700000,800000
88,Other Investing Activites,- -,- -,-71600000,-36700000,38700000,-2800000,19900000,4500000,-73400000,-82600000,51200000,313800000,4400000,625800000,-21100000,116000000,- -,40100000,39300000,-10500000,6100000,-810000000,-883900000,-1273200000,-1627400000,-1574800000,-940500000,-1623600000,-6400000,-537600000,-942200000,-1292600000,-1185100000,-1295800000
89,Cash Used for Investing Activites,- -,- -,-165900000,-205200000,-139000000,-108900000,-20800000,-59700000,-234500000,-326600000,-709700000,69100000,-113700000,502700000,-161100000,-4300000,- -,-215100000,-350600000,-304000000,-341600000,-81600000,-866300000,-572100000,-1627400000,-1589800000,-2739100000,-1748400000,-1049500000,-667800000,-1944700000,-1360900000,-1189500000,-1322300000
90,Debt Repayment,- -,- -,- -,- -,- -,- -,- -,- -,- -,- -,- -,- -,- -,- -,- -,- -,- -,- -,- -,- -,- -,-510200000,-383600000,-867600000,-708800000,-264600000,-222500000,-426800000,-1190400000,-703600000,-947300000,-602500000,-1609400000,-1334900000
91,Common Stock Issued,- -,- -,- -,196600000,- -,- -,255500000,- -,25800000,5500000,8900000,2400000,- -,- -,67900000,133100000,- -,26400000,28900000,48100000,57200000,- -,- -,- -,- -,- -,- -,- -,- -,- -,- -,- -,- -,- -
92,Common Stock Repurchased,- -,- -,-28500000,-388000000,- -,- -,- -,- -,- -,-187500000,-3100000,- -,- -,- -,-79500000,- -,- -,- -,- -,- -,- -,- -,- -,- -,-1162500000,- -,-2755300000,-709500000,-75000000,- -,- -,-149900000,- -,-410900000
93,Dividends Paid,- -,- -,- -,-28000000,-23800000,-17800000,-146800000,-236900000,-277500000,-29700000,-36600000,-36600000,-26300000,-17500000,-9200000,-9500000,- -,-11400000,-10300000,-2600000,- -,-88900000,-668000000,-89300000,-119500000,-426600000,-382500000,-384700000,-385100000,-210600000,-38500000,-67200000,-75800000,-103700000
94,Other Financing Activites,- -,- -,-155300000,224100000,12200000,179500000,-173600000,-164900000,-49900000,21300000,472300000,-523100000,-219700000,-164200000,-55900000,-99600000,- -,91300000,-6000000,-218700000,-767000000,374200000,341000000,371900000,929700000,293400000,1020300000,627600000,761900000,2115000000,261000000,737400000,1401400000,1167400000
95,Cash Used/Provided by Financing Activities,- -,- -,-183800000,4700000,-11600000,161700000,-64900000,-401800000,-301600000,-190400000,441500000,-557300000,-246000000,-181700000,-76700000,24000000,- -,106300000,12600000,-173200000,-709800000,-224900000,-710600000,-585000000,-1061100000,-397800000,-2340000000,-893400000,-888600000,1200800000,-724800000,-82200000,-283800000,-682100000
96,Effect of Forex Changes on Cash,- -,- -,- -,- -,- -,- -,- -,- -,- -,- -,- -,- -,- -,- -,- -,- -,- -,10000000,-13200000,16600000,44900000,-193600000,40700000,113800000,-112700000,-13800000,-133100000,-264100000,68800000,14500000,-63700000,9000000,-47200000,9300000
97,Net Change In Cash,- -,- -,-183800000,4700000,-11600000,161700000,-64900000,-401800000,-301600000,-190400000,441500000,-29800000,3700000,164200000,-231000000,59100000,- -,234900000,-71700000,247300000,1540100000,742500000,-180200000,1383400000,-95400000,-113900000,-2918500000,-1098300000,-603200000,1483000000,-1323400000,-338700000,62100000,191900000
98,Cash at the End of Period,- -,- -,- -,- -,- -,- -,- -,- -,- -,- -,- -,80800000,84500000,248700000,17700000,76800000,- -,245000000,173300000,420600000,1960700000,2703200000,2523000000,3906400000,3811000000,3697100000,2374600000,1276300000,673100000,2194400000,871000000,532300000,594400000,786300000
99,Cash at the Beginning of Period,- -,- -,91500000,29600000,38800000,32600000,111600000,169000000,203700000,63300000,109700000,110600000,80800000,84500000,248700000,17700000,- -,10100000,245000000,173300000,420600000,1960700000,2703200000,2523000000,3906400000,3811000000,5293100000,2374600000,1276300000,711400000,2194400000,871000000,532300000,594400000
100,Free Cash Flow,- -,- -,193500000,41200000,-33300000,-79900000,102400000,424400000,169300000,319400000,-491800000,200900000,245300000,-279900000,-133200000,-80900000,- -,78500000,-110000000,415800000,2174500000,461500000,445400000,1163500000,1066500000,299200000,1364600000,807300000,423000000,115400000,455300000,-176800000,412000000,898400000
101,SEC Link,undefined,undefined,- -,- -,- -,- -,- -,- -,- -,- -,- -,- -,- -,- -,- -,- -,undefined,- -,https://www.sec.gov/Archives/edgar/data/1285785/000119312506170786/d10k.htm,https://www.sec.gov/Archives/edgar/data/1285785/000119312507177117/0001193125-07-177117-index.html,https://www.sec.gov/Archives/edgar/data/1285785/000119312508159285/0001193125-08-159285-index.html,https://www.sec.gov/Archives/edgar/data/1285785/000119312509154839/0001193125-09-154839-index.html,https://www.sec.gov/Archives/edgar/data/1285785/000119312510164140/0001193125-10-164140-index.html,https://www.sec.gov/Archives/edgar/data/1285785/000119312511191456/0001193125-11-191456-index.html,https://www.sec.gov/Archives/edgar/data/1285785/000119312512304472/0001193125-12-304472-index.html,https://www.sec.gov/Archives/edgar/data/1285785/000119312513292097/0001193125-13-292097-index.html,- -,https://www.sec.gov/Archives/edgar/data/1285785/000161803416000025/0001618034-16-000025-index.html,https://www.sec.gov/Archives/edgar/data/1285785/000161803417000005/0001618034-17-000005-index.html,https://www.sec.gov/Archives/edgar/data/1285785/000161803418000003/0001618034-18-000003-index.html,https://www.sec.gov/Archives/edgar/data/1285785/000161803419000004/0001618034-19-000004-index.html,https://www.sec.gov/Archives/edgar/data/1285785/000161803420000003/0001618034-20-000003-index.html,https://www.sec.gov/Archives/edgar/data/1285785/000161803421000003/0001618034-21-000003-index.htm,https://www.sec.gov/Archives/edgar/data/1285785/000161803422000004/0001618034-22-000004-index.htm
102,false,,,,,,,,,,,,,,,,,,,,,,,,,,,,,,,,,,
